id;nombre;apellido;dni;direccion;email;horas_de_vuelo;foto;foto_content_type
1;Jordania monetize Reducido;generating Lituania Pelota;"27410548L";facilitate;"J+Ctko@u25U!\A)'hf.";46412;../fake-data/blob/hipster.png;image/png
2;withdrawal Algodón syndicate;Inteligente calculate Afghani;"03496593C";Obligatorio Verde;"-y|@5\^`z0";13421;../fake-data/blob/hipster.png;image/png
3;Mancha Pizza;pixelXXXXX;"43804220J";Personal web;"6{@h{9\t)]";70089;../fake-data/blob/hipster.png;image/png
4;Distrito Algodón;MasíaXXXXX;"63077026N";GorroXXXXX;"._@rgJX#\3Kn";67778;../fake-data/blob/hipster.png;image/png
5;Bangladesh Contabilidad;vía capacitor;"11251154X";Deportes Account Negro;"xoJC@3z\y<xI>E'";76887;../fake-data/blob/hipster.png;image/png
6;AceroXXXXX;Senda Cambridgeshire;"02410612N";primary solutions;"W}vAS@.!;-\pe{P";50009;../fake-data/blob/hipster.png;image/png
7;Algodón Bedfordshire;compress Hong servidor;"88216271H";enable backing architect;"[*@9pP\zKIq?";49182;../fake-data/blob/hipster.png;image/png
8;PelotaXXXX;copying Funcionalidad convergence;"57613650D";Calidad alianza;"V<J@e2O7\aW8SwS";70687;../fake-data/blob/hipster.png;image/png
9;AzerbayánX;Supervisor USB;"82537179J";copyXXXXXX;"^@o<?B\A[*8";85487;../fake-data/blob/hipster.png;image/png
10;Granito Jordania;Salchichas Sopa;"24595366C";Camiseta Electrónica;"^Z%y k@_r0c8i\=1eodR6";90969;../fake-data/blob/hipster.png;image/png
