id;nombre;apellidos;dni;direccion;email;foto;foto_content_type
1;NacionalXX;withdrawal Seguridada Amarillo;"19587286A";Parcela Madera digital;"7@]u)+<\2H~a20e";../fake-data/blob/hipster.png;image/png
2;Hormigon Interacciones;JBOD Administrador;"84115898E";brand website networks;"3cj@n-WX\)RZ~Y";../fake-data/blob/hipster.png;image/png
3;programming funcionalidad;payment invoice;"81557856E";GBXXXXXXXX;";K@4.Gz\~e4BFU";../fake-data/blob/hipster.png;image/png
4;up Papelería card;Franc en Hormigon;"95222542R";Ergonómico input en;"N/5@Ci8HmY\.[:{";../fake-data/blob/hipster.png;image/png
5;PCI quantify Extremadura;Afganistán;"62071018W";Queso Sorprendente;"?ZZJ@q-S1\b]";../fake-data/blob/hipster.png;image/png
6;Increible Fácil;solid Ensalada;"58498237E";Librería driver Etiopía;"Leu@>9y\Xd[";../fake-data/blob/hipster.png;image/png
7;transmitXX;Grupo Mesa;"77562184M";Algodón auxiliary syndicate;"!=Ny@)\ygm$ED|";../fake-data/blob/hipster.png;image/png
8;Consultor Ergonómico Algodón;Estratega bluetooth withdrawal;"82698187V";Papúa state;"M@C-A \I,]j";../fake-data/blob/hipster.png;image/png
9;CheckingXX;Navarra Zapatos;"02043620P";copy División Cliente;"ux}@.x\*u";../fake-data/blob/hipster.png;image/png
10;Sorprendente;SabrosoXXX;"68848516F";VioletaXXX;":h+q>@(\[Q`m|yo";../fake-data/blob/hipster.png;image/png
